[
{
  "model": "organization.department",
  "pk": 1,
  "fields": {
    "name": "Direccion",
    "parent": null,
    "created_at": "2025-11-27T22:13:06.123Z",
    "updated_at": "2025-11-27T22:13:06.123Z"
  }
},
{
  "model": "organization.department",
  "pk": 2,
  "fields": {
    "name": "Subdireccion Academica",
    "parent": 1,
    "created_at": "2025-11-27T22:13:18.877Z",
    "updated_at": "2025-11-27T22:13:18.877Z"
  }
},
{
  "model": "organization.department",
  "pk": 3,
  "fields": {
    "name": "Control de Estudio y Evaluaciones",
    "parent": 2,
    "created_at": "2025-11-27T22:13:28.728Z",
    "updated_at": "2025-11-27T22:16:23.108Z"
  }
},
{
  "model": "organization.department",
  "pk": 4,
  "fields": {
    "name": "Coordinacion Administrativa",
    "parent": 2,
    "created_at": "2025-11-27T22:13:39.215Z",
    "updated_at": "2025-11-27T22:16:31.476Z"
  }
},
{
  "model": "organization.department",
  "pk": 5,
  "fields": {
    "name": "Corrdinacion de Pasantias",
    "parent": 2,
    "created_at": "2025-11-27T22:13:47.670Z",
    "updated_at": "2025-11-27T22:16:36.779Z"
  }
},
{
  "model": "organization.department",
  "pk": 6,
  "fields": {
    "name": "Coordinacion Informartica",
    "parent": 2,
    "created_at": "2025-11-27T22:13:59.012Z",
    "updated_at": "2025-11-27T22:16:44.966Z"
  }
},
{
  "model": "organization.department",
  "pk": 7,
  "fields": {
    "name": "Coordinacion de Preescolar",
    "parent": 2,
    "created_at": "2025-11-27T22:14:20.333Z",
    "updated_at": "2025-11-27T22:50:03.666Z"
  }
},
{
  "model": "organization.department",
  "pk": 8,
  "fields": {
    "name": "Coordinacion de Investigacion Extension y Post Grado",
    "parent": 2,
    "created_at": "2025-11-27T22:14:46.916Z",
    "updated_at": "2025-11-27T22:16:54.784Z"
  }
},
{
  "model": "organization.department",
  "pk": 9,
  "fields": {
    "name": "Servicios de Biblioteca",
    "parent": 2,
    "created_at": "2025-11-27T22:15:00.321Z",
    "updated_at": "2025-11-27T22:17:04.069Z"
  }
},
{
  "model": "organization.jobtitle",
  "pk": 1,
  "fields": {
    "name": "Director",
    "created_at": "2025-11-27T22:17:36.328Z",
    "updated_at": "2025-11-27T22:17:36.328Z"
  }
},
{
  "model": "organization.jobtitle",
  "pk": 2,
  "fields": {
    "name": "Asesor de Prensa",
    "created_at": "2025-11-27T22:18:15.817Z",
    "updated_at": "2025-11-27T22:18:15.817Z"
  }
},
{
  "model": "organization.jobtitle",
  "pk": 3,
  "fields": {
    "name": "Secretaria",
    "created_at": "2025-11-27T22:18:21.884Z",
    "updated_at": "2025-11-27T22:18:21.884Z"
  }
},
{
  "model": "organization.jobtitle",
  "pk": 4,
  "fields": {
    "name": "Recepcionista",
    "created_at": "2025-11-27T22:18:27.635Z",
    "updated_at": "2025-11-27T22:18:27.635Z"
  }
},
{
  "model": "organization.jobtitle",
  "pk": 5,
  "fields": {
    "name": "Subdirector",
    "created_at": "2025-11-27T22:18:33.602Z",
    "updated_at": "2025-11-27T22:18:33.602Z"
  }
},
{
  "model": "organization.jobtitle",
  "pk": 6,
  "fields": {
    "name": "Asistente",
    "created_at": "2025-11-27T22:19:22.122Z",
    "updated_at": "2025-11-27T22:19:22.122Z"
  }
},
{
  "model": "organization.jobtitle",
  "pk": 7,
  "fields": {
    "name": "Coordinador",
    "created_at": "2025-11-27T22:29:36.558Z",
    "updated_at": "2025-11-27T22:29:36.558Z"
  }
},
{
  "model": "organization.jobtitle",
  "pk": 8,
  "fields": {
    "name": "Personal de Mantenimiento",
    "created_at": "2025-11-27T22:29:55.575Z",
    "updated_at": "2025-11-27T22:29:55.575Z"
  }
},
{
  "model": "organization.jobtitle",
  "pk": 9,
  "fields": {
    "name": "Personal de Limpieza",
    "created_at": "2025-11-27T22:30:00.502Z",
    "updated_at": "2025-11-27T22:30:00.502Z"
  }
},
{
  "model": "organization.jobtitle",
  "pk": 10,
  "fields": {
    "name": "Asistente de Laboratorio de Informatica",
    "created_at": "2025-11-27T22:30:49.299Z",
    "updated_at": "2025-11-27T22:30:49.299Z"
  }
},
{
  "model": "organization.jobtitle",
  "pk": 11,
  "fields": {
    "name": "Jefe de Biblioteca",
    "created_at": "2025-11-27T22:31:04.704Z",
    "updated_at": "2025-11-27T22:31:04.704Z"
  }
},
{
  "model": "organization.jobtitle",
  "pk": 12,
  "fields": {
    "name": "Auxiliar",
    "created_at": "2025-11-27T22:31:11.579Z",
    "updated_at": "2025-11-27T22:31:11.579Z"
  }
},
{
  "model": "organization.position",
  "pk": 1,
  "fields": {
    "department": 1,
    "job_title": 1,
    "vacancies": 1,
    "manager_position": null,
    "created_at": "2025-11-27T22:31:37.203Z",
    "updated_at": "2025-11-27T22:31:37.203Z"
  }
},
{
  "model": "organization.position",
  "pk": 2,
  "fields": {
    "department": 1,
    "job_title": 2,
    "vacancies": 1,
    "manager_position": 1,
    "created_at": "2025-11-27T22:40:20.160Z",
    "updated_at": "2025-11-27T22:40:20.160Z"
  }
},
{
  "model": "organization.position",
  "pk": 3,
  "fields": {
    "department": 1,
    "job_title": 3,
    "vacancies": 3,
    "manager_position": 1,
    "created_at": "2025-11-27T22:40:33.576Z",
    "updated_at": "2025-11-27T22:40:33.576Z"
  }
},
{
  "model": "organization.position",
  "pk": 4,
  "fields": {
    "department": 1,
    "job_title": 4,
    "vacancies": 2,
    "manager_position": 1,
    "created_at": "2025-11-27T22:43:26.467Z",
    "updated_at": "2025-11-27T22:43:26.467Z"
  }
},
{
  "model": "organization.position",
  "pk": 5,
  "fields": {
    "department": 2,
    "job_title": 5,
    "vacancies": 1,
    "manager_position": null,
    "created_at": "2025-11-27T22:43:43.339Z",
    "updated_at": "2025-11-27T22:43:43.339Z"
  }
},
{
  "model": "organization.position",
  "pk": 6,
  "fields": {
    "department": 2,
    "job_title": 6,
    "vacancies": 1,
    "manager_position": 5,
    "created_at": "2025-11-27T22:44:05.003Z",
    "updated_at": "2025-11-27T22:44:05.003Z"
  }
},
{
  "model": "organization.position",
  "pk": 7,
  "fields": {
    "department": 3,
    "job_title": 7,
    "vacancies": 1,
    "manager_position": null,
    "created_at": "2025-11-27T22:44:30.719Z",
    "updated_at": "2025-11-27T22:44:30.719Z"
  }
},
{
  "model": "organization.position",
  "pk": 8,
  "fields": {
    "department": 3,
    "job_title": 6,
    "vacancies": 3,
    "manager_position": 7,
    "created_at": "2025-11-27T22:44:54.606Z",
    "updated_at": "2025-11-27T22:44:54.606Z"
  }
},
{
  "model": "organization.position",
  "pk": 9,
  "fields": {
    "department": 3,
    "job_title": 3,
    "vacancies": 3,
    "manager_position": 7,
    "created_at": "2025-11-27T22:45:13.852Z",
    "updated_at": "2025-11-27T22:45:13.852Z"
  }
},
{
  "model": "organization.position",
  "pk": 10,
  "fields": {
    "department": 4,
    "job_title": 7,
    "vacancies": 1,
    "manager_position": null,
    "created_at": "2025-11-27T22:45:45.467Z",
    "updated_at": "2025-11-27T22:45:45.467Z"
  }
},
{
  "model": "organization.position",
  "pk": 11,
  "fields": {
    "department": 4,
    "job_title": 6,
    "vacancies": 3,
    "manager_position": 10,
    "created_at": "2025-11-27T22:46:04.914Z",
    "updated_at": "2025-11-27T22:46:04.914Z"
  }
},
{
  "model": "organization.position",
  "pk": 12,
  "fields": {
    "department": 4,
    "job_title": 8,
    "vacancies": 5,
    "manager_position": 10,
    "created_at": "2025-11-27T22:46:46.667Z",
    "updated_at": "2025-11-27T22:46:46.667Z"
  }
},
{
  "model": "organization.position",
  "pk": 13,
  "fields": {
    "department": 4,
    "job_title": 9,
    "vacancies": 5,
    "manager_position": 10,
    "created_at": "2025-11-27T22:47:05.334Z",
    "updated_at": "2025-11-27T22:47:05.334Z"
  }
},
{
  "model": "organization.position",
  "pk": 14,
  "fields": {
    "department": 5,
    "job_title": 7,
    "vacancies": 1,
    "manager_position": null,
    "created_at": "2025-11-27T22:47:18.849Z",
    "updated_at": "2025-11-27T22:47:18.849Z"
  }
},
{
  "model": "organization.position",
  "pk": 15,
  "fields": {
    "department": 5,
    "job_title": 6,
    "vacancies": 2,
    "manager_position": 14,
    "created_at": "2025-11-27T22:47:50.036Z",
    "updated_at": "2025-11-27T22:47:50.036Z"
  }
},
{
  "model": "organization.position",
  "pk": 16,
  "fields": {
    "department": 6,
    "job_title": 7,
    "vacancies": 1,
    "manager_position": null,
    "created_at": "2025-11-27T22:48:58.098Z",
    "updated_at": "2025-11-27T22:48:58.098Z"
  }
},
{
  "model": "organization.position",
  "pk": 17,
  "fields": {
    "department": 6,
    "job_title": 10,
    "vacancies": 1,
    "manager_position": 16,
    "created_at": "2025-11-27T22:49:18.000Z",
    "updated_at": "2025-11-27T22:49:18.000Z"
  }
},
{
  "model": "organization.position",
  "pk": 18,
  "fields": {
    "department": 7,
    "job_title": 7,
    "vacancies": 1,
    "manager_position": null,
    "created_at": "2025-11-27T22:49:37.627Z",
    "updated_at": "2025-11-27T22:49:37.628Z"
  }
},
{
  "model": "organization.position",
  "pk": 19,
  "fields": {
    "department": 7,
    "job_title": 3,
    "vacancies": 3,
    "manager_position": 18,
    "created_at": "2025-11-27T22:49:51.980Z",
    "updated_at": "2025-11-27T22:56:14.203Z"
  }
},
{
  "model": "organization.position",
  "pk": 20,
  "fields": {
    "department": 8,
    "job_title": 7,
    "vacancies": 1,
    "manager_position": null,
    "created_at": "2025-11-27T22:57:55.730Z",
    "updated_at": "2025-11-27T22:57:55.730Z"
  }
},
{
  "model": "organization.position",
  "pk": 21,
  "fields": {
    "department": 9,
    "job_title": 11,
    "vacancies": 1,
    "manager_position": null,
    "created_at": "2025-11-27T23:01:36.820Z",
    "updated_at": "2025-11-27T23:01:36.820Z"
  }
},
{
  "model": "organization.position",
  "pk": 23,
  "fields": {
    "department": 9,
    "job_title": 6,
    "vacancies": 1,
    "manager_position": 21,
    "created_at": "2025-11-27T23:06:42.153Z",
    "updated_at": "2025-11-27T23:06:42.153Z"
  }
},
{
  "model": "organization.position",
  "pk": 24,
  "fields": {
    "department": 9,
    "job_title": 12,
    "vacancies": 1,
    "manager_position": 21,
    "created_at": "2025-11-27T23:06:59.617Z",
    "updated_at": "2025-11-27T23:06:59.617Z"
  }
}
]
